Statement,Accessibilty,Accuracy,Customizability,Legal,Maintainability,Performance,Safety,Security,Trust,Usability,Other
"By using Postmates services, including communicating with Postmates and your courier, you consent to the receipt, recording, and monitoring by Postmates of text messages between you and Couriers for quality assurance, customer service, security and fraud prevention",0,0,0,0,0,1,1,1,0,1,0
"communications data: CML may also use this data for customer support services (including to resolve disputes between users), for safety and security purposes (including fraud prevention), to improve our products and services and/or for analytics.",0,0,0,0,0,1,1,1,0,1,0
"We also collect information while you access, browse, view or otherwise use the Site. We use that information to enhance user experience, personalize your browsing experience as well as monitor the Site for preventing fraud and inappropriate content or behaviour.",0,0,1,0,0,1,0,1,0,1,0
"We use all of the foregoing communications to address your questions, issues and concerns and provide other related customer support services, for safety and security purposes, to improve our Services, and for analytics. We also maintain your ratings and reviews regarding Restaurants on the Platform, which we may post for the benefit of all of our users.",0,0,0,0,0,1,1,1,0,1,0
" calls might be recorded for quality control and training purposes. This includes the usage of the recordings for the handling of complaints, legal claims and for fraud detection.",0,0,0,0,0,1,1,1,0,0,0
"at the request of governmental authorities or other third parties conducting an investigation where we determine in our sole discretion the disclosure is necessary to (a) protect the property and rights of Upwork or a third party, (b) protect the safety of the public or any person, or (c) prevent or stop activity we may consider to be, or pose a risk of being, illegal, fraudulent, unethical or legally actionable activity.",0,0,0,1,0,0,1,1,0,0,0
"Cookies and Other Electronic Technologies: help us better understand user behavior, personalize preferences, perform research and analytics, and improve the Platform",0,0,1,0,0,1,0,0,0,0,1
"cookies: This information may be used to manage and customize our web site’s content, layout, and services in order to improve our site, enhance customer service, and provide tailored messages.",0,0,1,0,0,1,0,0,0,1,0
"For example, if you are a Buyer we may share certain limited information about you (such as the fact it is your first purchase on Fiverr) with the Seller to ensure the services you receive from the Seller will fit your needs; such sharing of information is limited in scope, will not include personal identifying information (PII) which is not already available to the Seller via the marketplace, and is only intended to improve the services provided by the Seller and your user experience",0,1,0,0,0,1,0,0,0,0,1
"For legal, safety, or security reasons, such as to comply with legal requirements; protect our safety, our property or rights of those who interact with us, or others; and detect, prevent, and respond to security incidents or other malicious, deceptive, fraudulent, or illegal activity.",0,0,0,1,0,0,1,1,0,0,0
"helps us do things such as understand how you use our services and other services; personalize your experience; measure, manage, and display advertising on the Services or on other services; understand your usage of the Services and other services in order to serve customized ads; and remember that you are logged into the Services",0,0,1,0,0,1,0,0,0,1,0
"if you use the Services for prescription delivery (where available), the third-party pharmacy processing your prescription will provide us with your name, address, email address, birth date, phone number, the total amount being charged to you for the prescription drug product(s), and sales tax information for the prescription drug product(s) (if applicable). The third-party pharmacy will also share whether or not the prescription drug product you have ordered requires temperature control",0,1,0,1,0,0,1,0,0,0,0
"Promote security, verify identity of our customers, prevent and investigate fraud and unauthorized activities, defend against claims and other liabilities, and manage other risks",0,0,0,1,0,0,1,1,0,0,0
"Third party libraries like Google analytics: The information is used to evaluate the use of the website, to compile reports on the activity on the website, and to provide other services related to the use of the website and internet usage for the purposes of market research and to customize the design of these websites in line with the needs of users. ",0,0,1,0,0,1,0,0,0,0,1
"This information may be used to help you select your delivery address, to provide more accurate deliveries of your orders, to provide recommendations to you, and to enhance your user experience and improve the services",0,1,0,0,0,1,0,0,0,1,0
"To provide and improve the Service, complete your transactions, address your inquiries, process your registration, verify the information you provide is valid, and for compliance and internal business purposes.",0,0,0,0,0,1,1,0,0,0,1
"We collect a unique numerical identifier, assigned to you by a first-party cookie, automatically when you use our Services in order to identify you, provide the Services, keep you logged in to the Services, prevent fraud, and provide you with targeted information and offers.",0,0,0,0,0,0,1,1,0,1,0
"We collect your IP address and Device ID automatically when you use our Services in order to identify you, gauge online activity on our website and application, monitor your use and the effectiveness of online services, applications, and tools, and serve targeted advertisements based on your online activities.",0,0,1,0,0,1,0,1,0,0,0
"We enable users to call or text each other through the Service. We may also use this information for customer support services (including to resolve disputes between users), for safety and security purposes, and to improve the Service.",0,0,0,0,0,1,1,1,0,0,0
"We may disclose account and other Personal Information when we believe disclosure is necessary to comply with the law or to protect the rights, property, or safety of Handy, our users, or others.",0,0,0,1,0,0,1,1,0,0,0
"We may send email or text messages to the email address or phone number you provide to us to verify your account and for informational and operational purposes, such as account management, customer service, or system maintenance.",0,0,0,0,1,0,0,1,0,1,0
"We may share your information when we believe that the disclosure is reasonably necessary to (a) comply with applicable laws, regulations, legal process, or requests from law enforcement or regulatory authorities, (b) prevent, detect, or otherwise handle fraud, security, or technical issues, and (c) protect the safety, rights, or property of any person, the public, or Instacart.",0,0,0,1,0,0,1,1,0,0,0
"We track these text messages (including the date and time of the text message, your phone number, and the content of the text message) for fraud prevention, to ensure appropriate charging of Fees, to enforce these Terms, and for quality and training purposes.",0,1,0,0,0,1,0,1,0,0,0
"We use cookies and similar technologies (such as web beacons, pixels, tags, and scripts) to improve and personalize your experience, provide our services, analyze website performance and for marketing purposes",0,0,1,0,0,1,0,0,0,0,1
"We use data for security, fraud prevention, and legal purposes.",0,0,0,1,0,0,1,1,0,0,0
"We use location information to customize content on our Services (e.g., show you the Restaurants that will deliver to your location and show you relevant Perks), facilitate order and delivery Services, detect and prevent fraud, and measure traffic and analytics on the Services.",0,0,1,0,0,1,0,1,0,0,0
"We use this transaction information to fulfill your order, update your rewards, detect and prevent fraud, personalize your experience, perform analytics/identify usage trends, and inform our advertising and marketing",0,0,1,0,0,0,0,1,0,0,1
"your communications on the Airbnb Platform: fraud prevention, risk assessment, regulatory compliance, investigation, product development, research, analytics",0,0,0,1,0,1,0,1,0,0,0
" For example, we may obtain information when you login through a third-party social network or authentication service, such as Facebook or Google. These services will authenticate your identity and provide you the option to share certain personal information with us, which could include your name, email address, address book and contacts, or other information",0,0,0,0,0,0,0,1,0,1,0
" If you have entered into a service contract or agreed to use Upwork Payroll with another user, we may provide him/her with your name, company address, billing address, or tax ID or VAT number in order to complete the transaction or to facilitate the resolution of a claim or dispute.",0,1,0,1,0,0,0,0,0,0,0
" Location data helps improve our services, including pickups, navigation and customer support. ",0,0,0,0,0,1,0,0,0,1,0
" Matching available vehicles to users requesting ground transportation. Users can be matched based on availability, proximity and other factors.",0,1,0,0,0,1,0,0,0,0,0
" Perform internal operations necessary to provide our services, including to troubleshoot software bugs and operational problems; to conduct data analysis, testing, and research; and to monitor and analyze usage and activity trends.",0,0,0,0,1,1,0,0,0,0,0
" We use these technologies to remember user preferences, maximize the performance of our website, mobile app, and services, provide you with offers that may be of interest to you, measure the effectiveness of our email campaigns and to personalize online content.",0,0,1,0,0,1,0,0,0,0,0
 We use your Personal Information to provide the Service and administer your inquiries,0,0,0,0,0,0,0,0,0,1,1
Allow Riders and Drivers to connect regarding their ride and to choose to share their location with others,0,1,0,0,0,0,1,0,0,0,0
"ask for and collect supplemental information from third parties, such as information about your credit from a credit bureau, or information to verify your identity or trustworthiness, or for other fraud or safety protection purposes. ",0,0,0,0,0,0,1,1,0,0,0
"CML uses cookies and similar technologies for Authenticating users Remembering user preferences and settings, Determining the popularity of content, Delivering and measuring the effectiveness of advertising campaigns, Analyzing App and Site traffic and tr",0,0,0,0,0,1,0,0,0,1,0
"Compliance with the law or to protect the rights, property, or safety of Handy, our users, or others, including to maintain network and information security, for fraud prevention, to report suspected criminal acts, and to reduce risks to public health and safety",0,0,0,0,0,0,1,1,0,0,0
"comply with our legal obligations, protect the health and well-being of our Guests, Hosts, Hosts’ employees and members of the public",0,0,0,1,0,0,1,0,0,0,0
Cookies: To simplify your access to and use of the Platform and make it more seamless,0,0,0,0,0,1,0,0,0,1,0
"detect and prevent fraud, spam, abuse, security and safety incidents, and other harmful activity",0,0,0,0,0,0,1,1,0,0,0
"Detect, investigate, and prevent activities that may violate our policies or be fraudulent or illegal, and to comply with legal requirements regarding the provision of products and services.",0,0,0,0,0,0,1,1,0,0,0
"diagnose, repair and track service and quality issues; facilitate an order, download, return, or exchange",0,0,0,0,1,1,0,0,0,0,0
enable you to access and use the Platform,1,0,0,0,0,0,0,0,0,0,1
"help create and maintain a trusted and safer environment on the Platform, through detection and prevention of actual and potential fraud and other harmful activity",0,0,0,0,0,0,1,1,0,0,0
"If you send text messages to a Dasher, using the telephone number for that Dasher available on the Services, we may use a third-party service provider to track and analyze these text messages. We track these text messages for fraud prevention, to ensure appropriate charging of fees, to enforce our Terms and Conditions, and for quality and training purposes",0,0,0,0,0,1,0,1,0,0,0
"information about your credit from a credit bureau, or information to verify your identity or trustworthiness, or for other fraud or safety protection purposes.",0,0,0,0,0,0,1,1,0,0,0
"Information Received from Other Parties: We may use this information to help us maintain the accuracy of the information we collect, improve and personalize your experience with the Services",0,1,0,0,0,1,0,0,0,0,0
"location: If you allow your device to provide us with this information, we use it to provide and make improvements to our products and services, and to provide recommendations and deliver relevant advertising.",0,0,1,0,0,1,0,0,0,0,0
"Matching users with drivers: To facilitate this experience, certain information is available to Scoop and other users on your profile, such as your name, employer, photo and statistics about your usage",0,0,0,0,0,1,0,0,1,0,0
"Monitor and improve our operations and processes, including security practices, algorithms, and other modeling",0,0,0,0,0,1,0,1,0,0,0
"Monitor or record calls, chats, and other communications with our customer-service team and other representatives, as well as platform communications between or among partners and travelers for quality control, training, dispute resolution",0,0,0,1,0,1,0,0,0,0,0
"Persistent cookies help with personalizing your experience, remembering your preferences, and supporting security features",0,0,1,0,0,0,0,1,0,0,0
"Postmates may use the data we collect for testing, analysis, product development, and machine learning to improve a user’s experience on the Platform",0,0,0,0,0,1,0,0,0,1,0
"Preventing, discovering and investigating violations of this Privacy Policy or any applicable terms of service or terms of use for the Mobile Application, and investigating fraud, chargebacks or other matters",0,0,0,0,0,0,1,1,0,0,0
"profile: We use this information to provide the Services, respond to your requests, and send information and advertisements to you.",0,0,0,0,0,0,0,0,0,1,1
"Screening passengers and drivers before enabling their use of our Services and at subsequent intervals, including through reviews of background checks, where permitted by law, to help prevent use of our Services by unsafe persons.",0,0,0,0,0,0,1,0,1,0,0
"Share with IT vendors, such as entities that assist with website design, hosting, and maintenance, data and software storage, and network operation",0,0,0,0,1,0,0,0,0,1,0
the evaluation of system security and stability,0,0,0,0,0,1,0,1,0,0,0
"To conduct identification, criminal background, and right to work checks in order to advance our legitimate interests as well as for the substantial public interest of ensuring the safety of our Users",0,0,0,0,0,0,1,0,1,0,0
"To enforce and comply with the law, including to conduct an investigation, to protect the property and rights of Upwork or a third party, to protect the safety of the public or any person, or to prevent or stop activity we may consider to be, or to pose a risk of being, illegal, fraudulent, unethical or legally actionable activity. We may also use Device Identifiers to identify Upwork Users.",0,0,0,0,0,0,1,1,0,0,0
"To protect against or deter fraudulent, illegal or harmful actions and maintain the safety, security and integrity of our Services",0,0,0,0,0,0,1,1,0,0,0
To provide you with customer support in order to fulfill our contracts with Users,0,0,0,0,0,1,0,0,0,1,0
"To resolve disputes, to protect ourselves and other users of the Platform, and to enforce any legal terms that govern your use of the Platform.",0,0,0,1,0,0,1,0,0,0,0
Using user ratings and feedback to encourage compliance with our performance expectations and as grounds for de-prioritizing drivers with low ratings or who otherwise fail to meet such expectations.,0,0,0,0,0,1,1,0,0,0,0
"Verify drivers’ identity, background history and/or eligibility to provide transportation",0,0,0,0,0,0,1,0,1,0,0
"We also use your Personal Information to contact you with Outdoorsy newsletters, marketing or promotional materials and other information that may be of interest to you. ",0,0,1,0,0,0,0,0,0,1,0
We collect information about the institutions you have attended and the level of education you have attained in order to conduct background and other screening activities if you submit an employment application to us,0,0,0,0,0,0,1,0,1,0,0
"We collect information about your browsing history, search history, information regarding your interaction with websites, applications or advertisements automatically when you utilize our Services, in order to gauge online activity on our website and application, measure the effectiveness of online services, applications, and tools, and to serve targeted advertisements based on your online activities",0,0,1,0,0,1,0,0,0,0,0
"we collect recordings of customer support calls with notice to and the consent of the user to provide customer support Direct questions to the appropriate customer support person, Investigate and address user concerns, Monitor and improve our customer support responses and processes",0,0,0,0,0,1,0,0,0,1,0
"We may also collect health information you provide directly to us regarding an experience with a retail partner that may require us to contact that retailer, or other retailer partners, for public health or safety reasons, or to facilitate a refund",0,0,0,0,0,0,1,1,0,0,0
"We may also scan, review or analyze messages for research and product development purposes, as well as to debug, improve and expand product offerings. ",0,0,0,0,0,1,0,0,0,0,1
"We may also use the information about the way you access and use our Services to determine products and services that may be of interest to you, to improve our products and Services, to evaluate the success of our advertising and marketing campaigns, and to send you marketing communications",0,0,1,0,0,1,0,0,0,0,0
"we may collect information about your precise geolocation, and we may use that information to improve the Platform, including providing you with location-based features (e.g. for identification of Pro Services available near you).",0,1,0,0,0,1,0,0,0,0,0
"We may collect Personal Information such as a photograph of your face, a selfie, or data about your interactions with the Service to verify your identity and to detect fraud, identity theft. The biometric identifiers or information collected are used only for identity verification and platform security and use integrity purposes",0,0,0,0,0,0,1,1,0,0,0
"We may disclose your information to whomever necessary when we believe it appropriate to investigate, prevent, or take action regarding possible illegal activities, suspected fraud, situations involving potential threats to the physical safety of any person",0,0,0,0,0,0,1,1,0,0,0
"we may receive additional information about you, such as references, demographic data or information to help detect fraud and safety issues",0,0,0,0,0,0,1,1,0,0,0
"We may use information collected through these tracking technologies to remember information so that you won’t have to re-enter it on subsequent visits, to provide and monitor the effectiveness of the Service, to provide custom, personalized content including targeted advertising, to automatically update the Service on your mobile devices and for other purposes. ",0,0,0,0,0,1,0,0,0,1,0
"We may use the data we collect for testing, research, analysis, product development and machine learning to improve the user experience",0,0,0,0,0,1,0,0,0,0,1
"we might use personal data to detect and prevent fraud and other illegal or unwanted activities. we might use personal data for risk assessment and security purposes, including the authentication of users and reservations",0,0,0,0,0,0,1,1,0,0,0
we use a payment processing company to receive and process your credit card transactions for us,0,0,0,0,0,0,0,1,0,1,0
"we use cookies to statistically record the use of our website, to optimize our services, and to display information tailored to your specific needs",0,0,1,0,0,1,0,0,0,0,0
"We use Hotjar, which facilitates the visual representation of clicks, taps and scrolling behaviour to better understand how users interact with our sites to better inform our UI/UX decision making abilities",0,0,0,0,0,1,0,0,0,1,0
"We use Persistent Cookies to remember your log-in details and make it easier for you to log-in the next time you access the Services. We may use this type of cookies and Session Cookies for additional purposes, to facilitate the use of the Services’ features and tools.",0,0,0,0,0,1,0,0,0,1,0
"We use the data (which can include your communications) to investigate, respond to and resolve inquiries, complaints and Service issues.",0,0,0,0,1,1,0,0,0,0,0
"We use the information we collect to help maintain the safety, security, and integrity of our services, third parties, and Users",0,0,0,0,0,0,1,1,0,0,0
We use this contact and profile information to: create and personalize your Account,0,0,1,0,0,0,0,0,0,1,0
"We use this device and software information to diagnose and fix technology problems, serve you personalized advertising, personalize your experience, perform analytics/identify usage trends, and improve our products and Services.",0,0,0,0,1,1,0,0,0,0,0
"We use this information to monitor and analyze use of the Services and for the technical administration of the Services, to increase the functionality and user-friendliness of the Services, and to better tailor our Services to our visitors’ needs. ",0,0,0,0,0,1,0,0,0,1,0
"We use this payment information to fulfill your order, complete the transaction, and detect and prevent fraud.",0,0,0,0,0,0,0,1,0,0,1
"We use your location information to facilitate the prompt hand-off of pickup orders (where available), to assist you in finding nearby stores for which pickup or delivery are available, for other similar purposes and for analytics purposes.",0,1,0,0,0,1,0,0,0,0,0
When service professionals applying to participate on the Handy Platform in the United States provide their Social Security numbers for a background check,0,0,0,0,0,0,1,0,1,0,0
"You may review, update, correct or delete the information in your HyreCar Account",0,0,0,1,0,0,0,0,0,1,0
 Uber’s Real-Time ID Check ,0,0,0,0,0,0,0,1,0,0,0
 Uber’s Real-Time ID Check ,0,0,0,0,0,0,0,1,0,0,0
" If you are ordering an alcoholic beverage, our Delivery Partners may also collect the information contained on your government-issued identification card for age verification purposes in order to complete the delivery",0,0,0,1,0,0,0,0,0,0,0
" If you used the Trip Photo feature, we may share the trip photos you upload and associated captions with the other party",0,0,0,0,0,0,0,0,0,0,1
 In connection with legal or administrative proceedings ,0,0,0,1,0,0,0,0,0,0,0
" In order to prevent unauthorized access or disclosure we have put in place suitable physical, electronic and managerial procedures to safeguard and secure the information we collect online.",0,0,0,0,0,0,0,1,0,0,0
 Our processing of your personal data in order to make reviews available is on the basis of our legitimate interest in making the review system available to our users.,0,0,0,0,0,0,0,0,1,0,0
 providing you with navigation services or information on how to improve the safety of your driving,0,0,0,0,0,0,1,0,0,0,0
 remember information so that you will not have to re-enter it during your visit,0,0,0,0,0,0,0,0,0,1,0
 We collect information about your preferences to make your use of the Site more productive through the use of cookies,0,0,0,0,0,1,0,0,0,0,0
 We collect payment information when you provide it to us. We use this information to streamline and facilitate payments and transactions.,0,0,0,0,0,0,0,0,0,1,0
" we may use cookies to understand how you are using site features, to report on any errors in how the Site is functioning",0,0,0,0,1,0,0,0,0,0,0
 We use your information to process sharing transactions and to send you notices about your transactions. ,0,0,0,0,0,0,0,0,0,0,1
" We will disclose any information about you to government or law enforcement officials or private parties as we, in our sole discretion, believe necessary or appropriate to respond to claims and legal process",0,0,0,1,0,0,0,0,0,0,0
" When you are using our websites and apps, we use the searches you have made and the properties and tours/experiences that you have looked at in order to tailor our adverts to your interests. We may also use data about your past transactions on the website to tailor our advertising",0,0,1,0,0,0,0,0,0,0,0
" Where we collect data in relation to your use of our services, such as your device details and how you interact with our services, we use this data in order to deliver our services and personalise your experience",0,0,1,0,0,0,0,0,0,0,0
" Where we have collected your email address in the context of providing you with a service and you have not opted out of receiving email marketing, we may send you emails that we think will be useful to you",0,0,0,0,0,0,0,0,0,1,0
 Your information may also be used to improve the content and/or functionality of the Services,0,0,0,0,0,1,0,0,0,0,0
 your photograph to facilitate identification,0,0,0,0,0,0,1,0,0,0,0
"Addressing information security needs and protecting our Users, Upwork, and others.",0,0,0,0,0,0,0,1,0,0,0
Addressing service complaints,0,0,0,0,0,0,0,0,0,1,0
"After a delivery, we may share feedback or comments that a Customer provides with a Courier, but we will not identify the Customer. ",0,0,0,0,0,0,1,0,0,0,0
"after being matched with other Scoop users, we share more of your information with them, such as your location, pick-up and drop off addresses, your contact information and other preferences in your profile to facilitate a meaningful and easy commute. ",0,1,0,0,0,0,0,0,0,0,0
"All Members may review, update, correct or delete the Personal Information by editing the relevant part of their profile or by contacting us",0,0,0,0,0,0,0,0,0,1,0
allow you to use location services to find Trip Services nearby,0,1,0,0,0,0,0,0,0,0,0
"Allow your Personal Shopper (which means those that shop for and/or deliver the order for you, including our retail partner and their employees/agents where applicable or our third-party providers) to choose your items at a retailer site, deliver your items to you, and/or call or text you with any updates or issues",0,1,0,0,0,0,0,0,0,0,0
"analyse your preferences and performance and to customize and personalize your experience (including by making gig suggestions, ranking search results, etc.).",0,0,1,0,0,0,0,0,0,0,0
"Analytical cookies measure and track how our website and apps are used. We use this information to improve our website, apps and services.",0,0,0,0,0,1,0,0,0,0,0
Analyze how you use our Platform,0,0,0,0,0,1,0,0,0,0,0
"as part of our fraud prevention efforts, we may scan and analyze messages to prevent fraud or improper actions",0,0,0,0,0,0,0,1,0,0,0
ata about the use of the push notifications (such as opening rate or display duration) is collected and stored for improvement and customization of our services,0,0,0,0,0,1,0,0,0,0,0
Authenticating and verifying individual identities,0,0,0,0,0,0,0,1,0,0,0
"Based on your information, individualised offers might be shown to you",0,0,1,0,0,0,0,0,0,0,0
By choosing to invite a friend you represent that you have received the friend’s consent to provide his or her name and email address with us. DoorDash will use that information to send an email inviting him or her to visit the site and will store that information to track the success of the referral program and may send marketing emails.,0,0,0,0,0,0,0,0,0,0,1
"By renting a vehicle through the Platform, you consent to the sharing of vehicle and driver performance data with the owner of the vehicle and/or third party companies for purposes of diagnosing, monitoring and improving vehicle operations, performance, functionality, fuel efficiency and trip behavior. ",0,0,0,0,0,1,0,0,0,0,0
calculate listing and services prices,0,0,0,0,0,0,0,0,0,1,0
Calculate prices and facilitate payments,0,0,0,0,0,0,0,0,0,1,0
Calculate prices and process payments,0,0,0,0,0,0,0,0,0,1,0
California residents have the right to delete the personal information we have collected from you,0,0,0,1,0,0,0,0,0,0,0
Charge you for the purchase and delivery costs through one or more payment processing partners,0,0,0,0,0,0,0,0,0,1,0
"CML also enables users to request access to or copies of their data, changes or updates to their Accounts, deletion of their Accounts,",0,0,0,1,0,0,0,0,0,0,0
"CML is subject to laws and regulations in many cities and countries that require it to collect and retain data about our users’ trips, and to provide copies of such data to the government or other authorities",0,0,0,1,0,0,0,0,0,0,0
Collect feedback regarding your experience,0,0,0,0,0,0,0,0,0,1,0
collect feedback to provide customer service,0,0,0,0,0,0,0,0,0,1,0
"Collects gender and/or occupation when required for certain Uber services or programs, such as Uber Cash or Women Rider Preferred",1,0,0,0,0,0,0,0,0,0,0
"Collects gender and/or occupation when required for certain Uber services or programs, such as Uber Cash or Women Rider Preferred",1,0,0,0,0,0,0,0,0,0,0
Collects location to provide faster and personalized customer support,0,0,1,0,0,0,0,0,0,0,0
Collects location to provide faster and personalized customer support,0,0,1,0,0,0,0,0,0,0,0
Collects location to provide faster and personalized customer support,0,0,0,0,0,1,0,0,0,0,0
Collects location to provide faster and personalized customer support,0,0,0,0,0,1,0,0,0,0,0
Collects location to provide faster and personalized customer support,0,0,0,0,0,0,0,0,0,1,0
Collects location to provide faster and personalized customer support,0,0,0,0,0,0,0,0,0,1,0
"Communicate with you about events, promotions, elections, and campaigns",0,0,0,0,0,0,0,0,0,1,0
"Communicate with you about your account, our service or any enhancements or changes to our services, policies and terms and conditions",0,0,0,0,0,0,0,0,0,1,0
Communicate with you about your rides and experience,0,0,0,0,0,0,0,0,0,1,0
"Communicate with you via email, push notification, direct mail or SMS/text, either directly or through one of our partners, including for informational, marketing and promotional purposes",0,0,0,0,0,0,0,0,0,1,0
"Communicating with you by email, telephone, or text message, in accordance with your wishes",0,0,0,0,0,0,0,0,0,1,0
"comply with our legal and regulatory obligations, resolve any disputes that we may have with any of our Users, and enforce our agreements with third",0,0,0,1,0,0,0,0,0,0,0
Conducting research and analysis,0,0,0,0,0,0,0,0,0,0,1
Connect you to your rides and track their progress,0,1,0,0,0,0,0,0,0,0,0
"Contact you (such as by text message, email, phone call, mail, push notification, or messaging on other communication platforms) to provide information such as travel booking confirmations and updates",0,0,0,0,0,0,0,0,0,1,0
"contacts: In both cases, we will store this information for the sole purposes of allowing you to send your friends referral offers, for determining whether your friends use the Services after a referral is sent, and, for United States residents, to remind your friends of the referral sent on your behalf.",0,0,0,0,0,0,0,0,0,0,1
Continuously evaluating and improving the online and mobile user experience,0,0,0,0,0,1,0,0,0,0,0
Cookies also help us measure the performance of our advertising campaigns in order to help us improve our campaigns and the Services' content for those who engage with our advertising,0,0,0,0,0,1,0,0,0,0,0
"Cookies: for fraud detection, prevention, risk assessment, regulatory compliance, or investigations",0,0,0,0,0,0,0,1,0,0,0
"Cookies: to enable, facilitate and streamline the functioning of the Platform across different webpages, devices and browser sessions",0,0,0,0,0,0,0,0,0,1,0
"Cookies: to monitor and analyze the performance, operation and effectiveness of the Platform, so that we can improve and optimize it",0,0,0,0,0,1,0,0,0,0,0
Customize the website according to your interests,0,0,1,0,0,0,0,0,0,0,0
"Data Gathered from In-Vehicle Hardware:  understand your driving and use habits over time and potentially provide you with related benefits, such as better insurance rates or other perks for safe driving,",0,0,0,0,0,0,1,0,0,0,0
Data Gathered from In-Vehicle Hardware: aggregate your data with other drivers' data and better understand how people use our Service and how we can make it even better for you in the future. ,0,0,0,0,0,1,0,0,0,0,0
Data Gathered from In-Vehicle Hardware: record vehicle movements and driver behavior in case of an accident or theft,0,0,0,0,0,0,1,0,0,0,0
"Deactivating users who are identified as having engaged in fraud or activities that may otherwise harm CML, its users and/or others.",0,0,0,0,0,0,1,0,0,0,0
Debugging to identify and repair errors that impair existing intended functionality,0,0,0,0,0,1,0,0,0,0,0
Debugging to identify and repair errors with our Services.,0,0,0,0,1,0,0,0,0,0,0
Delete/ Provide access to and/or a copy of certain information we hold about you.,0,0,0,1,0,0,0,0,0,0,0
"Detailed driving records and criminal history to determine a person’s eligibility to be a driver or delivery partner, to comply with local laws",0,0,0,1,0,0,0,0,0,0,0
"Detailed driving records and criminal history to determine a person’s eligibility to be a driver or delivery partner, to comply with local laws",0,0,0,1,0,0,0,0,0,0,0
"Detailed driving records and criminal history to determine a person’s eligibility to be a driver or delivery partner, to protect other people who use our services",0,0,0,0,0,0,1,0,0,0,0
"Detailed driving records and criminal history to determine a person’s eligibility to be a driver or delivery partner, to protect other people who use our services",0,0,0,0,0,0,1,0,0,0,0
"Detect, prevent, and/or remediate fraud, abuse, security incidents, or other potentially harmful, prohibited, or illegal activities",0,0,0,1,0,0,0,0,0,0,0
"Detecting security incidents, protecting against malicious, deceptive, fraudulent or illegal activity, and prosecuting those responsible for that activity.",0,0,0,0,0,0,0,1,0,0,0
"Determine your likelihood of getting into an accident or of making an insurance claim, such as by checking your auto insurance score",0,0,0,0,0,0,1,0,0,0,0
develop and improve our services to you,0,0,0,0,0,1,0,0,0,0,0
"Device/Usage Information: We use this information for Platform analytics (including to determine which portions of the Platform are used most frequently and what our users like/do not like), to assist in determining relevant advertising (both on and off the Platform), to evaluate the success of our advertising campaigns, and as otherwise described in this Policy.",0,0,0,0,0,1,0,0,0,0,0
diagnose or fix technology problems,0,0,0,0,1,0,0,0,0,0,0
"DoorDash allows users to invite friends and family to sign up for our Services.To help you do this, we may request you to grant us access to your mobile device address book.",0,0,0,0,0,0,0,0,0,0,1
"drivers personal info: This type information is collected from Driver Partners to enable our compliance with local and state laws and regulatory requirements applicable to the Service, compliance with tax laws, and to process payments to Driver Partners",0,0,0,1,0,0,0,0,0,0,0
"Each time you log in, technical information is stored about your device and your browser, as well as information about your searches. This helps us to improve your overall user experience on the website, as well as the overall services.",0,0,0,0,0,1,0,0,0,0,0
"Enable communication between travelers and travel suppliers, such as hotels and vacation-property owners and managers",0,0,0,0,0,0,0,0,0,1,0
"Enable features that allow users to share information with other people, such as share ETA and location with their contacts.",0,0,0,0,0,0,1,0,0,0,0
enable you to communicate with other Members,0,0,0,0,0,0,0,0,0,1,0
"Enable you to communicate with other Turo users, including by sending them messages or other information during the booking process",0,0,0,0,0,0,0,0,0,1,0
enable you to connect and communicate with other Users,0,0,0,0,0,0,0,0,0,1,0
enable your communications with other members,0,0,0,0,0,0,0,0,0,1,0
Enabling communications between users:  a driver may message or call a rider to confirm a pickup location,0,0,0,0,0,0,0,0,0,1,0
Enabling communications between users:  a driver may message or call a rider to confirm a pickup location,0,0,0,0,0,0,0,0,0,1,0
Enabling communications between users: a driver may message or call a passenger to confirm a pickup location or a passenger may contact a driver to retrieve a lost item,0,0,0,0,0,0,0,0,0,1,0
Ensuring internal quality control and safety,0,0,0,0,0,0,1,0,0,0,0
ensuring that a trouble-free connection is established,0,0,0,0,1,0,0,0,0,0,0
ensuring the comfortable use of our website/application,0,0,0,0,0,0,0,0,0,1,0
evaluate and improve the quality of your interactions with us and programs and technologies related to interactions with us; design new services; ,0,0,0,0,0,1,0,0,0,0,0
Evaluating job applications to work at Handy,0,0,0,0,0,1,0,0,0,0,0
"Facilitate transactions, deliveries, and payments",0,0,0,0,0,0,0,0,0,1,0
"Facilitate your login to the Services via third-party identity and access management providers, such as Facebook, Google, and Apple",0,0,0,0,0,0,0,0,0,1,0
Find and prevent fraud,0,0,0,0,0,0,0,1,0,0,0
For customer support and to respond to your inquiries,0,0,0,0,0,0,0,0,0,1,0
For internal market research for our legitimate interest in improving the TaskRabbit Platform to grow our business,0,0,0,0,0,1,0,0,0,0,0
"For security purposes, we may also monitor or record the contents of phone calls made through the Platform,",0,0,0,0,0,0,0,1,0,0,0
For troubleshooting problems for our legitimate interests in ensuring a safe and secure environment in which Users can meet,0,0,0,0,1,0,0,0,0,0,0
"For workplace planner, we want to help your workplace and co-workers understand who will be physically present at your work location each day. To facilitate that, we may share the days that you have indicated you are planning on going into your work location.",0,0,0,0,0,0,0,0,0,0,1
"From social networks: Demographic Information- This characteristic information could include information such as income, marital status, spending habits, and other information pertaining to customers",0,0,1,0,0,0,0,0,0,0,0
"Functional cookies are used to create technologically advanced, user-friendly websites and apps that adapt automatically to your needs and preferences",0,0,0,0,0,0,0,0,0,1,0
"Getaround cares about the security of your information and uses commercially reasonable physical, administrative, and technological safeguards to preserve the integrity and security of all information we collect and that we share with our service providers",0,0,0,0,0,0,0,1,0,0,0
Getaround does not collect or store any data generated by Third Party Hardware Devices,0,0,0,0,0,0,0,0,1,0,0
Help you to use our services faster and more easily through features such as the ability to sign-in using your account within the online services and sites of some of the Expedia Group companies,0,0,0,0,0,1,0,0,0,0,0
Help you to use our services faster and more easily through features such as the ability to sign-in using your account within the online services and sites of some of the Expedia Group companies,0,0,0,0,0,0,0,0,0,1,0
helping you to contact the right Trip Provider and responding to any questions you might have about your Trip Reservation,0,0,0,0,0,0,0,0,0,1,0
"Hosts may use third-party services to help manage or deliver their services, such as cleaning services or lock providers. Hosts may use features on the Airbnb Platform to share information about the Guest (like check-in and check-out dates, Guest name, Guest phone number) with such third-party service providers.",0,0,0,0,0,0,0,0,0,0,1
"if there is a confirmed booking, your phone number will become visible to the other party, who may call you directly.",0,0,0,0,0,0,0,0,0,0,1
"If you are referred to DoorDash through one of our referral programs, or if someone attempts to refer you, we may share your name, whether you have already signed up for DoorDash",0,0,0,0,0,0,0,0,0,0,1
"If you enter loyalty card information from a particular retailer, we share that information with the retailer you chose along with your order so that information can be added to your loyalty card account.",0,0,0,0,0,0,0,0,0,0,1
"If you own a vehicle that is used on Getaround, we may inspect the vehicle, collect information identifying the vehicle (like a license plate number, VIN), and obtain a vehicle history report to make sure the vehicle is safe for you and other drivers to use. ",0,0,0,0,0,0,1,0,0,0,0
"if you provide us with your contacts’ information such as your friends or co-travellers, we may process this information: (i) to facilitate your referral invitations, (ii) to share your trip details and facilitate trip planning, (iii)",0,0,0,0,0,0,0,0,0,1,0
Improve our products and services,0,0,0,0,0,1,0,0,0,0,0
Improve the Lyft Platform,0,0,0,0,0,1,0,0,0,0,0
"improve the Platform by performing research, testing, and analysis",0,0,0,0,0,1,0,0,0,0,0
Improving customer service,0,0,0,0,0,1,0,0,0,0,0
"Improving, upgrading or enhancing our Services, Analyzing and improving our business",0,0,0,0,0,1,0,0,0,0,0
"In certain jurisdictions, and where permitted by law, users can record the audio of their trips through an in-app feature. Recordings are encrypted and stored on users’ devices, and are only shared with Uber if submitted to customer support by the users in connection with safety incidents. ",0,0,0,0,0,0,1,0,0,0,0
"In certain jurisdictions, and where permitted by law, users can record the audio of their trips through an in-app feature. Recordings are encrypted and stored on users’ devices, and are only shared with Uber if submitted to customer support by the users in connection with safety incidents. ",0,0,0,0,0,0,1,0,0,0,0
"In certain jurisdictions, and where permitted by law, users can record the audio of their trips through an in-app feature. Recordings are encrypted and stored on users’ devices, and are only shared with Uber if submitted to customer support by the users in connection with safety incidents. ",0,0,0,0,0,0,0,1,0,0,0
"In certain jurisdictions, and where permitted by law, users can record the audio of their trips through an in-app feature. Recordings are encrypted and stored on users’ devices, and are only shared with Uber if submitted to customer support by the users in connection with safety incidents. ",0,0,0,0,0,0,0,1,0,0,0
"In certain jurisdictions, and where permitted by law, users can record the audio of their trips through an in-app feature. Recordings are encrypted and stored on users’ devices, and are only shared with Uber if submitted to customer support by the users in connection with safety incidents. ",0,0,0,0,0,0,0,0,0,1,0
"In certain jurisdictions, and where permitted by law, users can record the audio of their trips through an in-app feature. Recordings are encrypted and stored on users’ devices, and are only shared with Uber if submitted to customer support by the users in connection with safety incidents. ",0,0,0,0,0,0,0,0,0,1,0
"In certain jurisdictions, you can request that your personal information be deleted.",0,0,0,1,0,0,0,0,0,0,0
"In certain regions, using information derived from driver’s photos submitted to CML for safety and security purposes. This includes prompting drivers establishing an account on the Curb® driver App to share a selfie before enabling such driver to receive trip requests.",0,0,0,0,0,0,1,0,0,0,0
"In connection with a Member’s request to retrieve a lost and found item from a vehicle, we may share your phone number with a Member. Otherwise, we will not share your e-mail address, phone number or other information with Members without your permission.",0,0,0,0,0,0,0,0,0,1,0
"In some jurisdictions, applicable law may entitle you to request certain copies of your personal information",0,0,0,1,0,0,0,0,0,0,0
"Information Collected Automatically: We do this to improve services we offer you, and to improve marketing, analytics, and site functionality.",0,0,0,0,0,1,0,0,0,0,0
Investigate and assist you in resolving questions or issues you have regarding the Lyft Platform,0,0,0,0,0,0,0,0,0,1,0
"Investigate and resolve incidents, accidents, and insurance claims",0,0,0,0,0,0,1,0,0,0,0
It is our policy to provide notice to Users before producing their information in response to law enforcement requests,0,0,0,1,0,0,0,0,0,0,0
"Keeping you safe requires us to process your Personal Information, such as your device information, activity information and other relevant information. We use such information to combat spam, malware, malicious activity or security risks; improve and enforce our security measures; and to monitor and verify your identity so that unauthorized users do not gain access to your information.",0,0,0,0,0,0,0,1,0,0,0
locating available lodging closest to you,0,1,0,0,0,0,0,0,0,0,0
Maintain the security and safety of the Lyft Platform and its users,0,0,0,0,0,0,1,0,0,0,0
Maintain the security and safety of the Lyft Platform and its users,0,0,0,0,0,0,0,1,0,0,0
Maintain the security and safety of the Scoop community and the Services (such as through authenticating users; verifying that Drivers meet eligibility requirements; encouraging safe driving behavior; finding and preventing fraud; and blocking and removing unsafe or fraudulent users from the Services),0,0,0,0,0,0,0,1,0,0,0
"Maintain your search and travel history, accommodation and travel preferences, and similar information about your use of Expedia Group’s platform and services",0,0,0,0,0,0,0,0,0,1,0
"Maintain, improve, research, and measure the effectiveness of our sites and apps, activities, tools, and services",0,0,0,0,0,1,0,0,0,0,0
"Marketing cookies help us to decide which products, services and interest-based advertisements to show you, both on and off our website and apps.",0,0,1,0,0,0,0,0,0,0,0
"Matching available drivers and delivery persons to users requesting services, aiming to reduce the average wait time for everyone",0,0,0,0,0,1,0,0,0,0,0
"Matching available drivers and delivery persons to users requesting services, aiming to reduce the average wait time for everyone",0,0,0,0,0,1,0,0,0,0,0
Measuring interest and engagement in our Services.,0,0,0,0,0,1,0,0,0,0,0
"Money back guarantee: To record you and your fellow travelers as beneficiaries, the following data are collected and passed on to the insurance intermediary",0,0,0,0,0,0,1,0,0,0,0
"Offer, process or facilitate payments for Services.",0,0,0,0,0,0,0,0,0,1,0
"Once a Courier accepts a delivery request from a Customer, the Customer may see the Courier’s first name and last initial, photo, aggregate rating, real-time location (which may reveal locations of other Customer to whom a Courier is providing a delivery), and/or other information to identify the Courier, including, but not limited to the Courier’s license plate, and color, make, and model of vehicle.",0,0,0,0,0,0,1,0,0,0,0
"operate, protect, improve, and optimize the Platform",0,0,0,0,0,1,0,0,0,0,0
our Site uses cookies and similar technologies to improve user experience and for analytics,0,0,0,0,0,1,0,0,0,0,0
"Payment card information is transmitted directly to a third-party payment card processor, Stripe, through an Internet connection secured by industry-standard Transport Layer Security (TLS) encryption technology. ",0,0,0,0,0,0,0,1,0,0,0
"perform analytics, conduct research, personalize, or otherwise customize your experience",0,0,1,0,0,0,0,0,0,0,0
"perform analytics, debug and conduct research",0,0,0,0,1,0,0,0,0,0,0
"personalize and customize your experience based on your interactions with the Airbnb Platform, your search and booking history, your profile information and preferences, and other content you submit",0,0,1,0,0,0,0,0,0,0,0
"Personalize the Scoop experience for you, your friends and your contacts",0,0,1,0,0,0,0,0,0,0,0
"Postmates uses the data we collect to communicate with you, either directly or through one of our service providers, including for marketing and promotional purposes, and to respond to any issues that may arise during deliveries.",0,0,0,0,0,0,0,0,0,1,0
"prevent, find, and resolve software or hardware bugs and issues",0,0,0,0,1,0,0,0,0,0,0
"Prevent, find, and resolve software or hardware bugs and issues",0,0,0,0,1,0,0,0,0,0,0
Profile Data: Enable Accessibility features that make it easier for users with disabilities to use our services,1,0,0,0,0,0,0,0,0,0,0
Profile Data: Enable Accessibility features that make it easier for users with disabilities to use our services,1,0,0,0,0,0,0,0,0,0,0
"Profile Data: Perform internal operations necessary to provide our services, including to troubleshoot software bugs and operational problems",0,0,0,0,1,0,0,0,0,0,0
"Profile Data: Perform internal operations necessary to provide our services, including to troubleshoot software bugs and operational problems",0,0,0,0,1,0,0,0,0,0,0
"provide and monitor the effectiveness of our Service, enhance our service",0,0,0,0,0,1,0,0,0,0,0
"provide custom, personalized content and information, including advertising",0,0,1,0,0,0,0,0,0,0,0
provide customer service,0,0,0,0,0,0,0,0,0,1,0
"Provide customer service, respond to your communications and requests, and contact you about your use of the Services",0,0,0,0,0,0,0,0,0,1,0
provide customer support ,0,0,0,0,0,0,0,0,0,1,0
provide customer support and contact you from time to time,0,0,0,0,0,0,0,0,0,1,0
"Provide the Services to you, improve the quality of the service, and develop new products and services",0,0,0,0,0,1,0,0,0,0,0
"Provide you with content, products and services you request",0,0,0,0,0,0,0,0,0,0,1
Providing you with user support;,0,0,0,0,0,0,0,0,0,1,0
"Public Information: such as your user ID/name associated with your account, your public profile photo, and for owners, where your car is located for pick up, your listing description, vehicle availability, and transaction related information to allow our community to evaluate your reliability and responsiveness, and reviews and feedback",0,0,0,0,0,0,0,0,1,0,0
Rating and reviewing service professionals,0,0,0,0,0,1,0,0,0,0,0
Request a ride on demand or schedule one ahead of time,0,0,0,0,0,0,0,0,0,1,0
Request a ride on demand or schedule one ahead of time,0,0,0,0,0,0,0,0,0,1,0
resolve disputes with our Members,0,0,0,1,0,0,0,0,0,0,0
"Resolve disputes, to enforce any legal terms that govern your use of the Platform",0,0,0,1,0,0,0,0,0,0,0
"Respond to your questions and requests for information, and process information choices",0,0,0,0,0,0,0,0,0,1,0
Responding to and handling any requests you or your booked Trip Provider have made,0,0,0,0,0,0,0,0,0,1,0
Responding to questions and feedback,0,0,0,0,0,0,0,0,0,1,0
Right of access to information about your personal data stored with us pursuant to Article 15 GDPR,0,0,0,1,0,0,0,0,0,0,0
save your login information for future logins to the TaskRabbit Platform,0,0,0,0,0,0,0,0,0,1,0
"Scheduling, rescheduling, and cancelling services",0,0,0,0,0,0,0,0,0,0,1
"send you marketing, advertising, and promotional messages and other information that may be of interest to you",0,0,0,0,0,0,0,0,0,1,0
"send you messages, updates, security alerts, and account notifications",0,0,0,0,0,0,0,0,0,1,0
"send you promotional messages, marketing, advertising, and other information based on your preferences and social media advertising through social media platforms",0,0,1,0,0,0,0,0,0,0,0
"Sending you marketing and promotional emails, on behalf of Handy or selected third parties",0,0,0,0,0,0,0,0,0,1,0
"Share with: Facebook, in connection with the use of the Facebook Business Tools in Uber apps and websites",0,0,0,0,0,0,0,0,0,1,0
"Share with: Facebook, in connection with the use of the Facebook Business Tools in Uber apps and websites",0,0,0,0,0,0,0,0,0,1,0
"Share with: Google, in connection with the use of Google Maps in Uber apps (see Google privacy policy for information on their collection and use of data)",0,1,0,0,0,0,0,0,0,0,0
"Share with: Google, in connection with the use of Google Maps in Uber apps (see Google privacy policy for information on their collection and use of data)",0,1,0,0,0,0,0,0,0,0,0
"Share with: Google, in connection with the use of Google Maps in Uber apps (see Google privacy policy for information on their collection and use of data)",0,0,0,0,0,0,0,0,0,1,0
"Share with: Google, in connection with the use of Google Maps in Uber apps (see Google privacy policy for information on their collection and use of data)",0,0,0,0,0,0,0,0,0,1,0
"Short-term, transient use, such as contextual customization of ads",0,0,1,0,0,0,0,0,0,0,0
Site Usage Information – We collect information to better understand customer traffic patterns and Site usage. This information is used to analyze and improve our Site and to provide our customers with a better user experience,0,0,0,0,0,1,0,0,0,0,0
social logins information:  identify you as our contractual partner,0,0,0,0,0,0,0,1,0,0,0
social logins information: check the entered data for plausibility,0,0,0,0,0,0,0,1,0,0,0
social media logins: We do this to reduce the need for you to remember different usernames and passwords for different online services.,0,0,0,0,0,0,0,0,0,1,0
such as to facilitate online purchases of our products; process shipping and returns;,0,0,0,0,0,0,0,0,0,1,0
"TaskRabbit may use your cell phone number to call or send recurring text messages to you, using an autodialer or prerecorded voice, in order to provide you notifications about Tasks, for marketing purposes",0,0,1,0,0,0,0,0,0,0,0
The information in your User Profile may be visible to all Users and the general public,0,0,0,0,0,0,0,0,1,0,0
"These advertisements may be targeted to users who fit certain general profile categories or display certain preferences or behaviors (""Interest-Based Ads""). Information for Internet-Based Ads (including Personal Data) may be provided to us by you, or derived from the usage patterns of particular users on the Services and/or services of third parties.",0,0,1,0,0,0,0,0,0,0,0
"These Cookies help us to personalize our content for you, greet you by name, and remember your preferences",0,0,1,0,0,0,0,0,0,0,0
"These Cookies help us to personalize our content for you, greet you by name, and remember your preferences",0,0,0,0,0,0,0,0,0,1,0
"Through non-affiliated third parties, we may also collect information that demonstrates the occurrence of an off-Platform communication between a Customer Member and a Service Member in order to ensure accurate charging of fees imposed upon Service Members ",0,1,0,0,0,0,0,0,0,0,0
"To address fraud or safety concerns, or to investigate complaints or suspected fraud or wrongdoing",0,0,0,0,0,0,1,0,0,0,0
to analyze and improve the Services and promote our business,0,0,0,0,0,1,0,0,0,0,0
To analyze TaskRabbit Platform usage as necessary for our legitimate interest in improving the TaskRabbit Platform to grow our business,0,0,0,0,0,1,0,0,0,0,0
"To assist Users in the resolution of complaints and disputes between them, as necessary for our legitimate interests in facilitating good relations among Users",0,0,0,1,0,0,0,0,0,0,0
"To authenticate the identity of our users, drivers and couriers",0,0,0,0,0,0,0,1,0,0,0
To comply with applicable laws and regulations,0,0,0,1,0,0,0,0,0,0,0
"To comply with our legal or contractual obligations, resolve disputes, and enforce our Terms of Service",0,0,0,1,0,0,0,0,0,0,0
To contact Clients to tell them about products and services that Professionals may offer and to further promote Professionals and the Services.,0,0,0,0,0,0,0,0,0,1,0
"To contact you with administrative communications and Upwork newsletters, marketing or promotional materials",0,0,0,0,0,0,0,0,0,1,0
"To contact you with general or personalized service-related messages, as well as promotional messages that may be of specific interest to you",0,0,1,0,0,0,0,0,0,0,0
"To enable communications with, between or among users ",0,0,0,0,0,0,0,0,0,1,0
"To enforce and comply with the law, including to conduct an investigation, to protect the property and rights of Upwork or a third party, to protect the safety of the public or any person, or to prevent or stop activity we may consider to be, or to pose a risk of being, illegal, fraudulent, unethical or legally actionable activity. We may also use Device Identifiers to identify Upwork Users.",0,0,0,1,0,0,0,0,0,0,0
"to ensure user-friendliness we also use temporary cookies, which are stored on your device for a specific period of time",0,0,0,0,0,0,0,0,0,1,0
"To facilitate, operate, and provide our Services",0,0,0,0,0,0,0,0,0,0,1
"To gain a better understanding on how you use and interact with our Services, and how we could improve your and others’ user experience, and continue improving our products, offerings and the overall performance of our Services",0,0,0,0,0,1,0,0,0,0,0
"To improve and develop the Services, including testing, research, analysis and product development",0,0,0,0,0,1,0,0,0,0,0
"To keep your financial data secure, we have contracted with a third party to maintain and process your payment card information.",0,0,0,0,0,0,0,1,0,0,0
"to maintain appropriate business records, to comply with lawful requests",0,0,0,1,0,0,0,0,0,0,0
"To personalize website content and communications based on your preferences, including targeted offers and ads served through the Services",0,0,1,0,0,0,0,0,0,0,0
"To provide assistance and support to our customers, users, drivers and couriers",0,0,0,0,0,0,0,0,0,1,0
"To provide support and assistance for the Services through email, SMS, or other forms of communication",0,0,0,0,0,0,0,0,0,1,0
"to respond to claims against us; and to protect the rights, property, or personal safety of Fiverr, our customers, or the public",0,0,0,0,0,0,1,0,0,0,0
To respond to user inquiries and fulfill user requests,0,0,0,0,0,0,0,0,0,1,0
"To support and enhance our data security measures, including for the purposes of preventing and mitigating the risks of fraud, error or any illegal or prohibited activity",0,0,0,0,0,0,0,1,0,0,0
"Track and share progress of deliveries and orders, Notify you about progress of deliveries and orders",0,1,0,0,0,0,0,0,0,0,0
Track and share the progress of trips arranged via the Platform. ,0,1,0,0,0,0,0,0,0,0,0
Troubleshooting technical problems on the Handy Platform,0,0,0,0,1,0,0,0,0,0,0
Turo may provide your mobile phone number to facilitate communication,0,0,0,0,0,0,0,0,0,1,0
Uber enables users to access and control the data that Uber collects,0,0,0,1,0,0,0,0,0,0,0
Uber enables users to access and control the data that Uber collects,0,0,0,1,0,0,0,0,0,0,0
Uber may retain user data after a deletion request due to legal or regulatory requirements or for the reasons stated in this policy,0,0,0,1,0,0,0,0,0,0,0
Uber may retain user data after a deletion request due to legal or regulatory requirements or for the reasons stated in this policy,0,0,0,1,0,0,0,0,0,0,0
Uber uses upfront pricing to let riders know the cost of their trip before they request a ride. This gives them peace of mind and helps eliminate the risk of fraud.,0,0,0,0,0,0,0,1,0,0,0
Uber uses upfront pricing to let riders know the cost of their trip before they request a ride. This gives them peace of mind and helps eliminate the risk of fraud.,0,0,0,0,0,0,0,1,0,0,0
Uber uses upfront pricing to let riders know the cost of their trip before they request a ride. This gives them peace of mind and helps eliminate the risk of fraud.,0,0,0,0,0,0,0,0,1,0,0
Uber uses upfront pricing to let riders know the cost of their trip before they request a ride. This gives them peace of mind and helps eliminate the risk of fraud.,0,0,0,0,0,0,0,0,1,0,0
Uber uses upfront pricing to let riders know the cost of their trip before they request a ride. This gives them peace of mind and helps eliminate the risk of fraud.,0,0,0,0,0,0,0,0,0,1,0
Uber uses upfront pricing to let riders know the cost of their trip before they request a ride. This gives them peace of mind and helps eliminate the risk of fraud.,0,0,0,0,0,0,0,0,0,1,0
Uber’s cashless payment option simplifies the payment process,0,0,0,0,0,0,0,0,0,1,0
Uber’s cashless payment option simplifies the payment process,0,0,0,0,0,0,0,0,0,1,0
Understand how users interact with the Services (including advertising both on and off the Services) as a whole and to test new features or changes in our features,0,0,0,0,0,1,0,0,0,0,0
Upwork stores this information for the sole purpose of sending this one-time email and tracking the success of our referral program.,0,0,0,0,0,0,0,0,0,0,1
Upwork takes commercially reasonable steps to help protect and secure the information it collects and stores about Upwork Users. All access to the Site is encrypted using industry-standard transport layer security technology,0,0,0,0,0,0,0,1,0,0,0
Users may request deletion of their accounts at any time,0,0,0,1,0,0,0,0,0,0,0
Users may request deletion of their accounts at any time,0,0,0,1,0,0,0,0,0,0,0
uses an automated telephone number detection system to match your telephone number to your existing reservations. This can help save time for both you and our customer service staff. ,0,0,0,0,0,1,0,0,0,0,0
"Using information from your mobile or in-vehicle device to identify unsafe driving behavior, including speeding or harsh braking and acceleration, and to raise awareness regarding such behaviors",0,0,0,0,0,0,1,0,0,0,0
"Using user location information, and communications between passengers and drivers, to identify no-show or cancellation fees payable or induced through fraud",0,0,0,0,0,0,0,1,0,0,0
Using your contact information to send you regular news about travel-related products and services.,0,0,0,0,0,0,0,0,0,1,0
"verify listings and driver identifications, conduct checks against government databases and other information sources for fraud detection and prevention, risk assessment and harm prevention purposes",0,0,0,0,0,0,0,1,0,0,0
verify or authenticate information provided by you,0,0,0,0,0,0,0,1,0,0,0
Verify that Drivers and their vehicles meet safety requirements,0,0,0,0,0,0,1,0,0,0,0
Verify the probability of a user’s Service request being authentic.,0,0,0,0,0,0,1,0,0,0,0
"Verify your identity and maintain your account, settings, and preferences",0,0,0,0,0,0,0,1,0,0,0
"Verify your identity or authenticate information that you provide, including during account creation and password reset processes",0,0,0,0,0,0,0,1,0,0,0
"We (or our service providers) may use the information we collect, for instance, IP addresses and unique mobile device identifiers, to locate or try to locate the same unique users across multiple browsers or devices (such as smartphones, tablets, or computers), or work with providers that do this, in order to better tailor content and features and provide you with a seamless experience across devices.",0,0,0,0,0,0,0,0,0,1,0
We also collect content within any messages you exchange with other Users through the Service,0,0,0,0,0,0,1,0,0,0,0
"We also share details of any reviews that you provide in relation to the property, so that they can address any complaints or make sure that they keep up the good work. If you contact us with a query or complaint in relation to a property we may also share details of the query or complaint with the property so that we can resolve it",0,0,0,0,0,0,0,0,0,1,0
"We also use cookies and similar technologies for purposes of marketing and advertising, including interest-based advertising.",0,0,1,0,0,0,0,0,0,0,0
We also use personal data for analytical purposes and product improvement.,0,0,0,0,0,1,0,0,0,0,0
"We also use the data to test new features that we are thinking about introducing, to analyse how our website is used, and to evaluate and improve our services",0,0,0,0,0,1,0,0,0,0,0
We also use third-party service providers to display advertisements to you on other websites based on your activities while on the Handy Platform.,0,0,1,0,0,0,0,0,0,0,0
"We also use your information to personalize your experience. For example, we may personalize the content and features you see when visiting our Services.",0,0,1,0,0,0,0,0,0,0,0
"We and our hosting services implement systems, applications and procedures to secure your personal data, and to reduce the risks of theft, damage, loss of data, or unauthorized access or use of personal data.",0,0,0,0,0,0,0,1,0,0,0
"We and our partners may use these technologies and the information we receive to improve and understand how you use websites, apps, products, services and ads",0,0,0,0,0,1,0,0,0,0,0
"We are continuously implementing and updating administrative, technical, and physical security measures to help protect your information against unauthorized access, destruction or alteration",0,0,0,0,0,0,0,1,0,0,0
"we are continuously implementing and updating administrative, technical, and physical security measures to help protect your information against unauthorized access, loss, destruction, or alteration",0,0,0,0,0,0,0,1,0,0,0
"we are required to share certain details about users (name, phone, ride start and end point, pick-up time and ride related details entered as free text) and our drivers or couriers (name, phone, user score, current location, time of arrival estimation, car type/brand and plate number, hobbies and similar information)",0,0,0,1,0,0,0,0,0,0,0
We check your driver's record to make sure you and your car meet Getaround safety standards,0,0,0,0,0,0,1,0,0,0,0
We collect information about your current employer and your employment history in order to conduct background and other screening activities if you submit an employment application to us,0,0,0,0,0,0,1,0,0,0,0
We collect information about your current employer and your employment history in order to conduct background and other screening activities if you submit an employment application to us,0,0,0,0,0,0,0,0,1,0,0
We collect information through technology to enhance our ability to serve you,0,0,0,0,0,1,0,0,0,0,0
"We collect technical information associated with your activity on our Site and may include information related to your browser and operating system, IP address (the Internet address of your computer) unique device identifiers, and other information such as your device type. We use such information for diagnostic and statistical purposes and to administer our Services",0,0,0,0,0,1,0,0,0,0,0
We collect your age in order to comply with laws that restrict collection and disclosure of personal information belonging to minors.,0,0,0,1,0,0,0,0,0,0,0
"we collect your first and last name, email address, and your zip or postal code in order to create and administer your TaskRabbit account.",0,0,0,0,0,0,0,0,0,0,1
We collect your profile information to verify your identity for account access and payments,0,0,0,0,0,0,0,1,0,0,0
We collect your profile information to verify your identity for account access and payments,0,0,0,0,0,0,0,1,0,0,0
"We disclose personal information to third parties, such as legal advisors and law enforcement, as required by law or subpoena or if we reasonably believe that such action is necessary to (a) comply with the law and the reasonable requests of law enforcement",0,0,0,1,0,0,0,0,0,0,0
"We disclose personal information, such as a unique identifier, hashed email address, or information automatically collected through tracking technologies, to social networks for the purpose of displaying personalized advertising and content on those social networks.",0,0,1,0,0,0,0,0,0,0,0
"We employ physical, procedural, and technological security measures to help protect your personal information from unauthorized access or disclosure",0,0,0,0,0,0,0,1,0,0,0
"We follow generally accepted industry standards to protect the Personal Information submitted to us, both during transmission and once we receive it. ",0,0,0,0,0,0,0,1,0,0,0
"We have implemented technical, administrative, and physical security measures to protect your Personal Information from unauthorized access or disclosure and improper use",0,0,0,0,0,0,0,1,0,0,0
"We maintain reasonable security procedures and technical and organizational measures to protect your Personal Information against accidental or unlawful destruction, loss, disclosure, alteration, or use.",0,0,0,0,0,0,0,1,0,0,0
we make every reasonable effort to use anonymized or de-identified information where possible and have implemented measures to help limit the use of personal information for analytic purposes. ,0,0,0,0,0,0,0,0,1,0,0
"We may access, preserve, and disclose your Personal Information, other account information, and content if we believe doing so is required or appropriate to: comply with law enforcement requests and legal process, such as a court order or subpoena or to meet national security requirements; ",0,0,0,1,0,0,0,0,0,0,0
We may also contact you with promotional offerings or other communications that may be of interest to you,0,0,0,0,0,0,0,0,0,1,0
"We may also disclose personal information if we believe it to be reasonably necessary to satisfy any applicable law or regulation and comply with legal process, such as search warrant, subpoena or court order, or other government request served on us or on our affiliates",0,0,0,1,0,0,0,0,0,0,0
"We may also use the information provided by you to investigate, respond to, and resolve issues or complaints.",0,0,0,1,0,0,0,0,0,0,0
We may also use your personal information to send you promotional messages from us,0,0,0,0,0,0,0,0,0,1,0
"We may be required to disclose Personal Information in response to a court order, subpoena, civil discovery request, other legal process, or as otherwise required by law",0,0,0,1,0,0,0,0,0,0,0
"We may collect Personal Information, such as your date of birth or taxpayer identification number, to validate your identity or as may be required by law, such as to complete tax filings",0,0,0,0,0,0,1,0,0,0,0
we may collect user photographs as an additional security measure for identity verification and fraud-prevention purposes.,0,0,0,0,0,0,0,1,0,0,0
we may collect your Facebook authentication token and account identification number and use that information to provide you with access to your account on the Handy Platform,0,0,0,0,0,0,0,0,0,1,0
"We may disclose information to third parties pursuant to legal process, and all information collected may be deemed discoverable by third parties and used in accident investigations and litigation",0,0,0,1,0,0,0,0,0,0,0
"We may disclose your information to courts, law enforcement, governmental or public authorities, tax authorities, or authorized third parties, if and to the extent we are required or permitted to do so by law ",0,0,0,1,0,0,0,0,0,0,0
We may disclose your information when required by law or when we believe in good faith that such disclosure is necessary,0,0,0,1,0,0,0,0,0,0,0
"We may disclose your personal information to courts, law enforcement, governmental or tax authorities, or third parties.",0,0,0,1,0,0,0,0,0,0,0
"We may disclose your personal information to professional advisors, such as lawyers, bankers, auditors, and insurers, where necessary in the course of the professional services that they render to us.",0,0,0,0,0,0,0,0,0,0,1
We may maintain location information and other usage data for record-keeping and analytics purposes.,0,0,0,0,0,1,0,0,0,0,0
we may need to use your information to handle and resolve legal disputes,0,0,0,1,0,0,0,0,0,0,0
"we may require Freelancers to participate in a video call after submitting their government issued ID to enable us to confirm that the Freelancer is indeed the individual in the ID. We may record such video calls and take screenshots of the user during the call. Upwork may use the information obtained from Identity Verification for purposes of verifying your identity, enforcing our Terms of Service and other agreements, and preventing fraud.",0,0,0,0,0,0,1,0,0,0,0
we may send you text messages or other notifications about the status of your orders and deliveries,0,0,0,0,0,0,0,0,0,1,0
we may share information with Merchants to facilitate deliveries such as your first name and last initial and order information related to your orders with DoorDash merchants,0,1,0,0,0,0,0,0,0,0,0
We may share license plate information with governmental agencies to ensure compliance with local parking rules and restrictions,0,0,0,1,0,0,0,0,0,0,0
"We may share your personal data with others if we believe in good faith that this will help protect the rights, property or personal safety of Gett, any of our users, ",0,0,0,0,0,0,1,0,0,0,0
We may share your personal information in response to a legal obligation,0,0,0,1,0,0,0,0,0,0,0
We may share your Personal Information with third parties such as law enforcement or other government agencies to comply with law or legal requirements; to enforce or apply our Terms of Use and other agreements,0,0,0,1,0,0,0,0,0,0,0
"We may use Device Information to monitor the geographic regions from which Users navigate the TaskRabbit Platform, and for security and fraud prevention purposes.",0,0,0,0,0,0,0,1,0,0,0
"We may use information (including photos) submitted by users to verify their identities or Account usage, such as, for example, cross-referencing public databases and/or using facial recognition technologies.",0,0,0,0,0,0,0,1,0,0,0
"We may use personally identifiable information to investigate damage claims connected to trips taken and/or cars listed on our Getaround, and we may disclose personally identifiable information to a third party in connection with processing such claims under reasonable confidentiality restrictions.",0,0,0,1,0,0,0,0,0,0,0
We may use the data collected automatically through tracking technologies to: detect or prevent fraud or other harmful activities,0,0,0,0,0,0,0,1,0,0,0
We may use the data collected automatically through tracking technologies to: diagnose or fix technology problems,0,0,0,0,1,0,0,0,0,0,0
We may use the data collected automatically through tracking technologies to: provide and monitor the effectiveness of our Services,0,0,0,0,0,1,0,0,0,0,0
"We may use the data collected automatically through tracking technologies to: provide custom, personalized content and information",0,0,1,0,0,0,0,0,0,0,0
"We may use the data collected automatically through tracking technologies to: remember information so that you will not have to re-enter it during your visit or the next time you visit the Platform, identify and contact you across multiple device",0,0,0,0,0,0,0,0,0,1,0
"We may use the data we collect to personalize the marketing communications (including advertisements) that we send, including based on user location, past use of CML’s services and user preferences and settings.",0,0,1,0,0,0,0,0,0,0,0
"We may use the data we collect to personalize the marketing communications (including advertisements) that we send, including based on user location, past use of Uber services, and user preferences and settings",0,0,1,0,0,0,0,0,0,0,0
"We may use the data we collect to personalize the marketing communications (including advertisements) that we send, including based on user location, past use of Uber services, and user preferences and settings",0,0,1,0,0,0,0,0,0,0,0
"We may use the personal data we collect to investigate or address claims or disputes relating to use of the Platform or Services, or as otherwise allowed by applicable law, or as requested by regulators, government entities and official inquiries.",0,0,0,1,0,0,0,0,0,0,0
"We may use the personal data we collect to investigate or address claims or disputes relating to use of Uber’s services, or as otherwise allowed by applicable law, or as requested by regulators, government entities, and official inquiries",0,0,0,1,0,0,0,0,0,0,0
"We may use the personal data we collect to investigate or address claims or disputes relating to use of Uber’s services, or as otherwise allowed by applicable law, or as requested by regulators, government entities, and official inquiries",0,0,0,1,0,0,0,0,0,0,0
We may use traffic log cookies to identify which pages are being used. This helps us analyze data about web page traffic and improve our website in order to tailor it to customer needs.,0,0,0,0,0,1,0,0,0,0,0
We may use your information to prevent and deter fraud or misuse of our products and services as required by law.,0,0,0,0,0,0,0,1,0,0,0
"We may use your Personal Information when you participate in marketing surveys, questionnaires, promotions, testimonials, online comments, product feedback, events or contests.",0,0,0,0,0,0,0,0,0,0,1
"We monitor the location of all cars to provide our Service, to prevent theft, and to allow us to locate you in case of accident, emergency, lock-out, etc.",0,0,0,0,0,0,1,0,0,0,0
We only collect and use personal data where we have lawful grounds to do so,0,0,0,1,0,0,0,0,0,0,0
We only collect and use personal data where we have lawful grounds to do so,0,0,0,1,0,0,0,0,0,0,0
"we process your Personal Information to pay our taxes, to fulfill our business obligations, ensure compliance with employment and recruitment laws or as necessary to manage risk as required under applicable law",0,0,0,1,0,0,0,0,0,0,0
"We seek to protect your Personal Data from unauthorized access,",0,0,0,0,0,0,0,1,0,0,0
"We share information, including Identity Information, with entities that process information on our behalf for our business purposes",0,0,0,0,0,0,0,0,0,0,1
We share personal information to help facilitate interactions between Users,0,0,0,0,0,0,0,0,0,1,0
"We share personal information to law enforcement agencies, public authorities or other parties in order to respond to a subpoena or court order, judicial process or to regulatory authorities, if we believe we are required to do so by law, or that doing so is reasonably necessary to comply with legal processes; ",0,0,0,1,0,0,0,0,0,0,0
"We share personal information with payment processors, fraud detection agencies and similar third parties for the purpose of facilitating payments done via the Site and securing the Site and protecting it against fraud",0,0,0,0,0,0,0,1,0,0,0
"We share your telephone number, call data, device id and other Handy account and device information with Sendbird, as described in Section I(e), above, to help facilitate communication using the App.",0,0,0,0,0,0,0,0,0,1,0
"We take great care in maintaining the security of the Site and your information and in preventing unauthorized access, loss, misuse, alteration, destruction or damage to it through industry standard technologies and internal procedures",0,0,0,0,0,0,0,1,0,0,0
We take steps to ensure that your information is treated securely,0,0,0,0,0,0,0,1,0,0,0
"We use a variety of physical, technical, and administrative security measures that help to safeguard your information from loss, misuse, unauthorized access, disclosure, alteration, destruction or theft,",0,0,0,0,0,0,0,1,0,0,0
we use an address to allow the Dasher to fulfill your delivery,0,0,0,0,0,0,0,0,0,0,1
We use appropriate business systems and procedures to protect and safeguard the personal data you give us,0,0,0,0,0,0,0,1,0,0,0
"We use cookies and other tracking technologies to (a) inform, optimize, and serve marketing content based on past visits to our websites and other sites",0,0,1,0,0,0,0,0,0,0,0
"We use cookies and other tracking technologies to help us understand how the Platform is being used, generally improve your browsing experience, let you navigate between pages efficiently",0,0,0,0,0,1,0,0,0,0,0
We use cookies and other tracking technologies to remember your preferences,0,0,1,0,0,0,0,0,0,0,0
We Use Cookies to collect information about your activities over time and across third party websites or other online services in order to deliver content and advertising tailored to your interests,0,0,1,0,0,0,0,0,0,0,0
We Use Cookies to improve our Services,0,0,0,0,0,1,0,0,0,0,0
We Use Cookies to provide a secure browsing experience during your use of our Services,0,0,0,0,0,0,0,1,0,0,0
"We Use Cookies to recognize you when you return to DoorDash and to remember information you have already provided, such as items already in your order cart",0,0,0,0,0,0,0,0,0,1,0
we use credit card information to complete a transaction,0,0,0,0,0,0,0,0,0,1,0
we use data for testing and troubleshooting purposes,0,0,0,0,1,0,0,0,0,0,0
"we use data from drivers’ devices to help identify unsafe driving behavior such as speeding or harsh braking and acceleration, and to inform them of safer driving practices",0,0,0,0,0,0,1,0,0,0,0
"we use data from drivers’ devices to help identify unsafe driving behavior such as speeding or harsh braking and acceleration, and to inform them of safer driving practices",0,0,0,0,0,0,1,0,0,0,0
"We use data in relation to bookings in order to create internal reports using Google Analytics regarding how our business is operating, such as determining how what we spend on advertising affects the number of bookings that are made",0,0,0,0,0,0,0,0,0,0,1
"We use device, location, profile, usage, and other data to prevent, detect, and combat fraud or unsafe activities",0,0,0,0,0,0,1,0,0,0,0
"We use device, location, profile, usage, and other data to prevent, detect, and combat fraud or unsafe activities",0,0,0,0,0,0,1,0,0,0,0
We use Financial Information in order to operate the TaskRabbit Platform and to ensure that Taskers are paid by Clients.,0,1,0,0,0,0,0,0,0,0,0
We use Google Maps API for displaying interactive maps directly on our website and to enable the simplified use of map functionality. Your IP address is transmitted and stored on one of Google’s servers in the US for the usage of Google Maps functionality,0,0,0,0,0,0,0,0,0,1,0
we use GPS technology (or other similar technology) to determine your current location in order to determine the city you are located in and display a relevant location map,0,0,1,0,0,0,0,0,0,0,0
we use information about your searches to customize the newsletter articles and promotional emails we send you. The goal is to send you advertising that is oriented towards your actual needs and to avoid sending unnecessary advertising.,0,0,1,0,0,0,0,0,0,0,0
we use the information collected from you to verify your identity.,0,0,0,0,0,0,0,1,0,0,0
We use this contact and profile information to:  fulfill your order,0,0,0,0,0,0,0,0,0,0,1
We use this contact and profile information to:  send you marketing communications in accordance with your preferences,0,0,1,0,0,0,0,0,0,0,0
"We use this contact and profile information to: communicate with you directly about the Services as well as about any questions, issues or concerns you or other users may have",0,0,0,0,0,0,0,0,0,1,0
we use your information to track and prevent fraudulent activities and other inappropriate activities,0,0,0,0,0,0,0,1,0,0,0
"We use your personal data in order to process bookings with properties and tour/experience providers and aggregators, and to let you manage your bookings through the HW Platform.",0,0,0,0,0,0,0,0,0,1,0
we use your personal data to complete and administer your online Trip Reservation,0,0,0,0,0,0,0,0,0,0,1
"We use your personal information as we believe necessary or appropriate to comply with applicable laws, lawful requests",0,0,0,1,0,0,0,0,0,0,0
We use your personal information to send you direct marketing communications about our products,0,0,0,0,0,0,0,0,0,1,0
"We use, store, and process your information to provide and improve our services",0,0,0,0,0,1,0,0,0,0,0
we utilize persistent cookies to save your login information for future logins to the Services.,0,0,0,0,0,0,0,0,0,1,0
"we utilize session ID cookies to enable certain features of the Services, to better understand how you interact with the Services and to monitor aggregate usage by Outdoorsy Users and web traffic routing on the Services",0,0,0,0,0,1,0,0,0,0,0
"We will also share the address of the vehicle and, if applicable, the proposed delivery location with the other party",0,1,0,0,0,0,0,0,0,0,0
We will also use your personal data in order to provide payment for a booking for your boat rental or water experience business offering.,0,0,0,0,0,0,0,0,0,1,0
We will make such disclosure to the extent we are required or permitted to do so by applicable law,0,0,0,1,0,0,0,0,0,0,0
We will provide the address of the vehicle and/or the proposed delivery location.,0,1,0,0,0,0,0,0,0,0,0
"We will use data about you and your listing to help others find your listing, and sometimes to promote your listing and our Services.",0,0,0,0,0,0,0,0,0,0,1
We will use the data from your address book only to process your referral.,0,0,0,0,0,0,0,0,0,0,1
we will use your data in order to fix any bugs that we find,0,0,0,0,1,0,0,0,0,0,0
We require our personnel to protect your personal information and keep it confidential.,0,0,0,0,0,0,0,0,1,0,0
"Web beacons help us better manage content on the Handy Platform by informing us what content is effective, monitoring how users navigate the Handy Platform, counting users of the Handy Platform, ",0,0,0,0,0,1,0,0,0,0,0
"web beacons:  in order to track and measure the performance of our Site and Services, monitor how many web visitors we have, and to monitor the effectiveness of our advertising",0,0,0,0,0,1,0,0,0,0,0
"When a booking is confirmed, additional information is shared to assist with coordinating the trip, like profile photo and phone number.",0,0,0,0,0,0,0,0,0,1,0
"When a booking request is made or dispute is submitted, certain information may be shared between Guest(s) and Host(s), including profile, name, names of any additional Guests, cancellation history, review information, age of guest (unless prohibited by applicable law), dispute outcome (when applicable) and other information you choose to share and submit",0,0,0,0,0,0,0,0,0,0,1
"When a customer confirms a booking with you, we will provide your contact information to them to facilitate communication outside our platform as desired or necessary",0,0,0,0,0,0,0,0,0,1,0
"When a Driver requests to book a vehicle, the Driver’s information is passed through to the Owner of the vehicle. We may also disclose parts of the public profile of the Driver and Owner; other User reviews of the Driver and Owner; and any additional information shared with other Users",0,0,0,0,0,0,1,0,0,0,0
"When a Member requests a Ride, we may share your first name and last initial and location with a Driver Partner in order to provide the Service",0,1,0,0,0,0,0,0,0,0,0
"When Couriers are offered delivery opportunities, they may be able to see the Customer’s delivery location. Couriers may see the Customer’s first name and last initial, and the Customer’s delivery address and/or real-time location",0,1,0,0,0,0,0,0,0,0,0
"When you as a Host have a confirmed booking, certain information is shared with the Guest (and the additional Guests they invite, if applicable) to coordinate the booking, such as your profile, full name, phone number, and Listing address.",0,0,0,0,0,0,0,0,0,1,0
"When you buy alcohol using the Services, we may be required by law to share certain information with the retailer who makes the sale. This information could include, among other things, the names and addresses of the purchaser and recipient, government issued ID information, the quantity, brand, price, proof, and volume of alcohol purchased, and a recipient signature",0,0,0,1,0,0,0,0,0,0,0
"When you engage in a transaction with us, we create records of goods or services purchased or considered, as well as purchasing or consuming histories or tendencies in order to measure the effectiveness of our Services",0,0,0,0,0,1,0,0,0,0,0
"When you send us a query in relation to a booking, or if you have a complaint in relation to a property or tour/experience, we will process your personal data in order to answer your query or in order to help resolve your complaint",0,0,0,0,0,0,0,0,0,1,0
"With your consent, to contact you by telephone or text message regarding Platform features, improvements, or other products and services that may interest you",0,0,1,0,0,0,0,0,0,0,0
"With your consent, to contact you by text message regarding certain services or information you have requested;",0,0,0,0,0,0,0,0,0,1,0
You  have rights to obtain a copy of your personal information together with information about how and on what basis that personal information is processed,0,0,0,1,0,0,0,0,0,0,0
You  have rights to to erase your personal information in limited circumstances,0,0,0,1,0,0,0,0,0,0,0
you also consent to DoorDash sending your public profile image to the contacts you select to receive a referral link.,0,0,0,0,0,0,0,0,0,0,1
"You can access or delete your personal data. You have choices about how your data is collected, used and shared.",0,0,0,1,0,0,0,0,0,0,0
You can ask us for a copy of the personal data we hold about you,0,0,0,1,0,0,0,0,0,0,0
you have the right to request a copy of your personal data that we hold and to request that we correct any errors in the personal data that we hold. ,0,0,0,1,0,0,0,0,0,0,0
You have the right to request information about the categories of Personal Information we have collected about you,0,0,0,1,0,0,0,0,0,0,0
You have the right to request that we delete Personal Information that we have collected from you. ,0,0,0,1,0,0,0,0,0,0,0
You have the right to request that we delete the personal information we have collected from you,0,0,0,1,0,0,0,0,0,0,0
You may request that we delete personal information that we have collected from or about you,0,0,0,1,0,0,0,0,0,0,0
"You may request, up to two times each year, that we disclose to you the categories and specific pieces of personal information that we have collected about you",0,0,0,1,0,0,0,0,0,0,0
your driver's license information to confirm license validity,0,0,0,0,0,0,1,0,0,0,0
your friend's name and email address: We store this information only to send this one-time email and to track the success of our referral program,0,1,0,0,0,0,0,0,0,0,0
your photograph to facilitate identification,0,0,0,0,0,0,0,1,0,0,0
"Your public listing page on the Services will always include some basic information, such as your user ID or name associated with your account, your public profile photo, and for hosts, the city where your car is located, your listing description, your calendar availability, transaction related information to allow our community to evaluate your reliability and responsiveness, and reviews or feedback about you",0,0,0,0,0,0,0,0,1,0,0
